Perawi,URL
Abdullah bin Umar,https://hadits.site/hadits/1032
Muhammad Nashiruddin Al Albani,https://hadits.site/hadits/1030
Shahih At Tirmidzi,https://hadits.site/hadits/1029
Abdullah bin Umar,https://hadits.site/hadits/1028
Muslim bin Hajjaj,https://hadits.site/hadits/1027
Abu Hurairah,https://hadits.site/hadits/1026
Al Bukhari,https://hadits.site/hadits/1025
Shahih Al Bukhari,https://hadits.site/hadits/1024
Al Musawwir bin Makhramah,https://hadits.site/hadits/1023
Muslim bin Hajjaj,https://hadits.site/hadits/1022
Amr bin Auf Al Muzanni,https://hadits.site/hadits/1021
Al Bukhari,https://hadits.site/hadits/1020
Shahih Al Bukhari,https://hadits.site/hadits/1019
Qatadah bin An Nu'man,https://hadits.site/hadits/1017
Ibnu Hibban,https://hadits.site/hadits/1016
Usamah bin Zaid,https://hadits.site/hadits/1015
Al Bukhari,https://hadits.site/hadits/1014
Shahih Al Bukhari,https://hadits.site/hadits/1013
Usamah bin Zaid,https://hadits.site/hadits/1007
Al Bukhari,https://hadits.site/hadits/1006
Abu Hurairah,https://hadits.site/hadits/1004
Muslim bin Hajjaj,https://hadits.site/hadits/1002
Shahih Muslim,https://hadits.site/hadits/1000
Abu Hurairah,https://hadits.site/hadits/998
Ibnu Hibban,https://hadits.site/hadits/995
Abdullah bin Umar,https://hadits.site/hadits/991
Muhammad Nashiruddin Al Albani,https://hadits.site/hadits/990
As Silsilah Al Ahadits Ash Shahihah,https://hadits.site/hadits/989
Abu Hurairah,https://hadits.site/hadits/987
Muhammad Nashiruddin Al Albani,https://hadits.site/hadits/986
Abdullah bin Mas'ud,https://hadits.site/hadits/984
Muslim bin Hajjaj,https://hadits.site/hadits/983
Shahih Muslim,https://hadits.site/hadits/982
Abdullah bin Mas'ud,https://hadits.site/hadits/981
Al Bukhari,https://hadits.site/hadits/980
Ka'ab bin Malik,https://hadits.site/hadits/979
Syu'aib Al Arnauth,https://hadits.site/hadits/977
Takhrij Musnad Ahmad,https://hadits.site/hadits/976
Ka'ab bin Malik,https://hadits.site/hadits/975
Muqbil bin Hadi Al Wadi'i,https://hadits.site/hadits/972
Abdullah bin Mas'ud,https://hadits.site/hadits/969
Abu Isa At Tirmidzi,https://hadits.site/hadits/967
Sunan At Tirmidzi,https://hadits.site/hadits/966
Abu Hurairah,https://hadits.site/hadits/964
Muslim bin Hajjaj,https://hadits.site/hadits/963
Abdullah bin 'Amr bin Al Ash,https://hadits.site/hadits/961
Muslim bin Hajjaj,https://hadits.site/hadits/960
Shahih Muslim,https://hadits.site/hadits/958
Abu Hurairah,https://hadits.site/hadits/955
Muhammad Nashiruddin Al Albani,https://hadits.site/hadits/954
Abu Hurairah,https://hadits.site/hadits/953
Al Bukhari,https://hadits.site/hadits/951
Shahih Al Bukhari,https://hadits.site/hadits/950
Fathimah bintu Qais,https://hadits.site/hadits/944
Muslim bin Hajjaj,https://hadits.site/hadits/942
Abdullah bin Umar,https://hadits.site/hadits/940
Muslim bin Hajjaj,https://hadits.site/hadits/939
Shahih Muslim,https://hadits.site/hadits/938
Abdullah bin Umar,https://hadits.site/hadits/937
Al Bukhari,https://hadits.site/hadits/935
Aisyah,https://hadits.site/hadits/933
Muhammad Nashiruddin Al Albani,https://hadits.site/hadits/931
Shahih At Tirmidzi,https://hadits.site/hadits/930
Aisyah,https://hadits.site/hadits/929
Al Bukhari,https://hadits.site/hadits/928
Ummu Humaid,https://hadits.site/hadits/927
Ibnu Khuzaimah,https://hadits.site/hadits/926
Shahih Ibnu Khuzaimah,https://hadits.site/hadits/925
Ummu Humaid,https://hadits.site/hadits/916
Ibnu Hibban,https://hadits.site/hadits/915
Ma'iz At Tamimi,https://hadits.site/hadits/914
Muhammad Nashiruddin Al Albani,https://hadits.site/hadits/913
Shahih Jami' Ash Shaghir,https://hadits.site/hadits/912
Abu Hurairah,https://hadits.site/hadits/911
Al Bukhari,https://hadits.site/hadits/910
Malik bin Al Huwairits,https://hadits.site/hadits/907
Muslim bin Hajjaj,https://hadits.site/hadits/905
Shahih Muslim,https://hadits.site/hadits/904
Malik bin Al Huwairits,https://hadits.site/hadits/897
Al Bukhari,https://hadits.site/hadits/896
Aisyah,https://hadits.site/hadits/895
Al Bukhari,https://hadits.site/hadits/892
Shahih Al Bukhari,https://hadits.site/hadits/890
Abu Hurairah,https://hadits.site/hadits/888
Muhammad Nashiruddin Al Albani,https://hadits.site/hadits/887
Samurah bin Jundub,https://hadits.site/hadits/886
Al Bukhari,https://hadits.site/hadits/885
Shahih Al Bukhari,https://hadits.site/hadits/882
Aisyah,https://hadits.site/hadits/880
Syu'aib Al Arnauth,https://hadits.site/hadits/878
Abu Hurairah,https://hadits.site/hadits/876
Al Bukhari,https://hadits.site/hadits/875
Shahih Al Bukhari,https://hadits.site/hadits/874
Jabir bin Abdillah,https://hadits.site/hadits/867
Muslim bin Hajjaj,https://hadits.site/hadits/866
Abu Thalhah Zaid bin Sahl,https://hadits.site/hadits/865
Muslim bin Hajjaj,https://hadits.site/hadits/864
Shahih Muslim,https://hadits.site/hadits/862
Abu Thalhah Zaid bin Sahl,https://hadits.site/hadits/861
Al Bukhari,https://hadits.site/hadits/860
Aisyah,https://hadits.site/hadits/859
Syu'aib Al Arnauth,https://hadits.site/hadits/857
Takhrij Musnad Ahmad,https://hadits.site/hadits/852
Aisyah,https://hadits.site/hadits/851
Muhammad Nashiruddin Al Albani,https://hadits.site/hadits/850
Sa'ad bin Abi Waqqash,https://hadits.site/hadits/849
Al Bukhari,https://hadits.site/hadits/848
Shahih Al Bukhari,https://hadits.site/hadits/847
Abu Hurairah,https://hadits.site/hadits/846
Al Bukhari,https://hadits.site/hadits/843
Buraidah bin Al Hashib Al Aslami,https://hadits.site/hadits/842
Al Bukhari,https://hadits.site/hadits/841
Shahih Al Bukhari,https://hadits.site/hadits/839
Abdullah bin Mas'ud,https://hadits.site/hadits/838
Muhammad Nashiruddin Al Albani,https://hadits.site/hadits/837
Abu Hurairah,https://hadits.site/hadits/833
Muslim bin Hajjaj,https://hadits.site/hadits/832
Shahih Muslim,https://hadits.site/hadits/831
Abu Hurairah,https://hadits.site/hadits/830
Al Bukhari,https://hadits.site/hadits/828
Abdullah bin 'Amr bin Al Ash,https://hadits.site/hadits/819
Muslim bin Hajjaj,https://hadits.site/hadits/818
Shahih Muslim,https://hadits.site/hadits/817
Abdullah bin 'Amr bin Al Ash,https://hadits.site/hadits/816
Al Bukhari,https://hadits.site/hadits/815
Abu Hurairah,https://hadits.site/hadits/814
Al Bukhari,https://hadits.site/hadits/813
Shahih Al Bukhari,https://hadits.site/hadits/812
Abu Hurairah,https://hadits.site/hadits/810
Al Bukhari,https://hadits.site/hadits/809
Abu Hurairah,https://hadits.site/hadits/807
Muhammad Nashiruddin Al Albani,https://hadits.site/hadits/806
Shahih Jami' Ash Shaghir,https://hadits.site/hadits/804
Abu Hurairah,https://hadits.site/hadits/801
Muhammad Nashiruddin Al Albani,https://hadits.site/hadits/800
Abu Umamah Al Bahili,https://hadits.site/hadits/799
Muslim bin Hajjaj,https://hadits.site/hadits/798
Shahih Muslim,https://hadits.site/hadits/797
Umar bin Khathab,https://hadits.site/hadits/795
Al Bukhari,https://hadits.site/hadits/794
Az Zubair Ibnul Awwam,https://hadits.site/hadits/792
Muhammad Nashiruddin Al Albani,https://hadits.site/hadits/790
Shahih Jami' Ash Shaghir,https://hadits.site/hadits/789
Thariq bin Syihab,https://hadits.site/hadits/781
Muhammad Nashiruddin Al Albani,https://hadits.site/hadits/780
Abu Hurairah,https://hadits.site/hadits/779
Muhammad Nashiruddin Al Albani,https://hadits.site/hadits/778
Shahih At Targhib wat Tarhib,https://hadits.site/hadits/776
Abu Hurairah,https://hadits.site/hadits/774
Muhammad Nashiruddin Al Albani,https://hadits.site/hadits/773
Abu Sa'id Al Khudri,https://hadits.site/hadits/767
Al Bukhari,https://hadits.site/hadits/765
Shahih Al Bukhari,https://hadits.site/hadits/764
Abdullah bin Mas'ud,https://hadits.site/hadits/763
Al Bukhari,https://hadits.site/hadits/762
Abu Hurairah,https://hadits.site/hadits/756
Muhammad Nashiruddin Al Albani,https://hadits.site/hadits/753
Shahih An Nasa'i,https://hadits.site/hadits/750
Anas bin Malik,https://hadits.site/hadits/749
Al Bukhari,https://hadits.site/hadits/748
Abdullah bin Umar,https://hadits.site/hadits/747
Muhammad Nashiruddin Al Albani,https://hadits.site/hadits/745
Shahih Al Adabul Mufrad,https://hadits.site/hadits/741
Mu'awiyah bin Haidah Al Qusyairi,https://hadits.site/hadits/740
Syu'aib Al Arnauth,https://hadits.site/hadits/739
Anas bin Malik,https://hadits.site/hadits/736
Muhammad Nashiruddin Al Albani,https://hadits.site/hadits/734
As Silsilah Al Ahadits Ash Shahihah,https://hadits.site/hadits/733
Abdullah bin Mas'ud,https://hadits.site/hadits/730
Muhammad Nashiruddin Al Albani,https://hadits.site/hadits/729
Abu Hurairah,https://hadits.site/hadits/727
Muhammad Nashiruddin Al Albani,https://hadits.site/hadits/723
Shahih Jami' Ash Shaghir,https://hadits.site/hadits/722
Abu Dzar Al Ghifari,https://hadits.site/hadits/721
Muhammad Nashiruddin Al Albani,https://hadits.site/hadits/720
Abu Hurairah,https://hadits.site/hadits/719
Muslim bin Hajjaj,https://hadits.site/hadits/718
Shahih Muslim,https://hadits.site/hadits/717
Abu Hurairah,https://hadits.site/hadits/714
Al Bukhari,https://hadits.site/hadits/713
Sahl bin Sa'ad As Sa'idi,https://hadits.site/hadits/712
Muhammad Nashiruddin Al Albani,https://hadits.site/hadits/711
Shahih Jami' Ash Shaghir,https://hadits.site/hadits/710
Sahl bin Sa'ad As Sa'idi,https://hadits.site/hadits/709
Al Bukhari,https://hadits.site/hadits/707
Abu Hurairah,https://hadits.site/hadits/706
Muslim bin Hajjaj,https://hadits.site/hadits/705
Shahih Muslim,https://hadits.site/hadits/699
Abu Hurairah,https://hadits.site/hadits/698
Al Bukhari,https://hadits.site/hadits/697
Abu Dzar Al Ghifari,https://hadits.site/hadits/695
Abu Isa At Tirmidzi,https://hadits.site/hadits/689
Sunan At Tirmidzi,https://hadits.site/hadits/687
Abu Hurairah,https://hadits.site/hadits/680
Muslim bin Hajjaj,https://hadits.site/hadits/678
Abdullah bin Mas'ud,https://hadits.site/hadits/677
Muslim bin Hajjaj,https://hadits.site/hadits/676
Shahih Muslim,https://hadits.site/hadits/674
Abu Hurairah,https://hadits.site/hadits/672
Muhammad Nashiruddin Al Albani,https://hadits.site/hadits/671
Abdullah bin Abbas,https://hadits.site/hadits/670
Syu'aib Al Arnauth,https://hadits.site/hadits/668
Takhrij Musnad Ahmad,https://hadits.site/hadits/667
Sahl bin Sa'ad As Sa'idi,https://hadits.site/hadits/666
Muslim bin Hajjaj,https://hadits.site/hadits/665
Abdullah bin Mas'ud,https://hadits.site/hadits/664
Al Bukhari,https://hadits.site/hadits/663
Shahih Al Bukhari,https://hadits.site/hadits/652
Abdullah bin Mas'ud,https://hadits.site/hadits/649
Al Bukhari,https://hadits.site/hadits/648
Aisyah,https://hadits.site/hadits/644
Al Bukhari,https://hadits.site/hadits/643
Shahih Al Bukhari,https://hadits.site/hadits/642
Aisyah,https://hadits.site/hadits/641
Al Bukhari,https://hadits.site/hadits/640
Abu Umamah Al Bahili,https://hadits.site/hadits/638
Muhammad Nashiruddin Al Albani,https://hadits.site/hadits/637
As Silsilah Al Ahadits Ash Shahihah,https://hadits.site/hadits/635
Abdullah bin Umar,https://hadits.site/hadits/634
Muhammad Nashiruddin Al Albani,https://hadits.site/hadits/633
Jabir bin Abdillah,https://hadits.site/hadits/632
Muslim bin Hajjaj,https://hadits.site/hadits/626
Shahih Muslim,https://hadits.site/hadits/619
[tidak ada],https://hadits.site/hadits/618
An Nawawi,https://hadits.site/hadits/617
Abu Hurairah,https://hadits.site/hadits/616
Muhammad Nashiruddin Al Albani,https://hadits.site/hadits/614
Shahih Al Adabul Mufrad,https://hadits.site/hadits/612
Buraidah bin Al Hashib Al Aslami,https://hadits.site/hadits/610
Muhammad Nashiruddin Al Albani,https://hadits.site/hadits/609
Abdurrahman bin 'Auf,https://hadits.site/hadits/607
Muqbil bin Hadi Al Wadi'i,https://hadits.site/hadits/606
Ash Shahihul Musnad,https://hadits.site/hadits/605
Abdurrahman bin 'Auf,https://hadits.site/hadits/603
Muhammad Nashiruddin Al Albani,https://hadits.site/hadits/601
Abu Hurairah,https://hadits.site/hadits/600
Abu Isa At Tirmidzi,https://hadits.site/hadits/599
Sunan At Tirmidzi,https://hadits.site/hadits/596
Zaid bin Kharijah,https://hadits.site/hadits/592
Muhammad Nashiruddin Al Albani,https://hadits.site/hadits/591
Hubsyi bin Junadah,https://hadits.site/hadits/590
Syu'aib Al Arnauth,https://hadits.site/hadits/589
Takhrij Musnad Ahmad,https://hadits.site/hadits/588
Hubsyi bin Junadah,https://hadits.site/hadits/583
Muqbil bin Hadi Al Wadi'i,https://hadits.site/hadits/581
Hudzaifah Ibnul Yaman,https://hadits.site/hadits/580
Muqbil bin Hadi Al Wadi'i,https://hadits.site/hadits/579
Ash Shahihul Musnad,https://hadits.site/hadits/578
Hudzaifah Ibnul Yaman,https://hadits.site/hadits/577
Ibnu Hajar Al Asqalani,https://hadits.site/hadits/576
Ali bin Abi Thalib,https://hadits.site/hadits/565
Muhammad Nashiruddin Al Albani,https://hadits.site/hadits/562
Shahih Abu Daud,https://hadits.site/hadits/557
[tidak ada],https://hadits.site/hadits/556
Muqbil bin Hadi Al Wadi'i,https://hadits.site/hadits/555
Al Mustaurid bin Syaddad,https://hadits.site/hadits/554
Muslim bin Hajjaj,https://hadits.site/hadits/553
Shahih Muslim,https://hadits.site/hadits/552
Abdullah bin 'Amr bin Al Ash,https://hadits.site/hadits/544
Muslim bin Hajjaj,https://hadits.site/hadits/543
Abu Bakrah Nafi bin Al Harits,https://hadits.site/hadits/540
Muhammad Nashiruddin Al Albani,https://hadits.site/hadits/538
Shahih Al Adabul Mufrad,https://hadits.site/hadits/536
Abu Hurairah,https://hadits.site/hadits/535
Muhammad Nashiruddin Al Albani,https://hadits.site/hadits/533
Abu Musa Al Asy'ari,https://hadits.site/hadits/532
Al Bukhari,https://hadits.site/hadits/531
Shahih Al Bukhari,https://hadits.site/hadits/530
Abu Hurairah,https://hadits.site/hadits/529
Muhammad Nashiruddin Al Albani,https://hadits.site/hadits/527
Iyadh bin Himar,https://hadits.site/hadits/526
Al 'Iraqi,https://hadits.site/hadits/524
Takhrij Ihya Ulumiddin,https://hadits.site/hadits/522
Iyadh bin Himar,https://hadits.site/hadits/521
Muhammad Nashiruddin Al Albani,https://hadits.site/hadits/520
Abdullah bin Umar,https://hadits.site/hadits/519
Abdullah bin Ahmad bin Hambal,https://hadits.site/hadits/518
Shahih Muslim,https://hadits.site/hadits/517
Sa'ad bin Abi Waqqash,https://hadits.site/hadits/516
Muslim bin Hajjaj,https://hadits.site/hadits/515
Abdullah bin Abbas,https://hadits.site/hadits/513
Muslim bin Hajjaj,https://hadits.site/hadits/512
Shahih Muslim,https://hadits.site/hadits/511
Abdullah bin Abbas,https://hadits.site/hadits/510
Al Bukhari,https://hadits.site/hadits/509
Abu Hurairah,https://hadits.site/hadits/508
Muslim bin Hajjaj,https://hadits.site/hadits/507
Shahih Muslim,https://hadits.site/hadits/506
Abu Hurairah,https://hadits.site/hadits/505
Muslim bin Hajjaj,https://hadits.site/hadits/504
Abu Hurairah,https://hadits.site/hadits/503
Al Bukhari,https://hadits.site/hadits/502
Shahih Al Bukhari,https://hadits.site/hadits/501
Abu Musa Al Asy'ari,https://hadits.site/hadits/500
Muhammad Nashiruddin Al Albani,https://hadits.site/hadits/498
Abdullah bin Umar,https://hadits.site/hadits/497
Ibnu Hibban,https://hadits.site/hadits/496
Shahih Ibnu Hibban,https://hadits.site/hadits/495
Abdullah bin Mas'ud,https://hadits.site/hadits/493
Muhammad Nashiruddin Al Albani,https://hadits.site/hadits/492
Jabir bin Abdillah,https://hadits.site/hadits/490
Muslim bin Hajjaj,https://hadits.site/hadits/487
Shahih Muslim,https://hadits.site/hadits/486
Anas bin Malik,https://hadits.site/hadits/484
Muslim bin Hajjaj,https://hadits.site/hadits/481
Abdullah bin Abbas,https://hadits.site/hadits/479
Syu'aib Al Arnauth,https://hadits.site/hadits/477
Takhrij Musnad Ahmad,https://hadits.site/hadits/476
Abdullah bin Abbas,https://hadits.site/hadits/475
Muhammad Nashiruddin Al Albani,https://hadits.site/hadits/474
Abdullah bin Mas'ud,https://hadits.site/hadits/472
Muslim bin Hajjaj,https://hadits.site/hadits/471
Shahih Muslim,https://hadits.site/hadits/469
Abdullah bin Umar,https://hadits.site/hadits/467
Muhammad Nashiruddin Al Albani,https://hadits.site/hadits/466
Anas bin Malik,https://hadits.site/hadits/464
Muslim bin Hajjaj,https://hadits.site/hadits/463
Shahih Muslim,https://hadits.site/hadits/462
Aisyah,https://hadits.site/hadits/461
Muslim bin Hajjaj,https://hadits.site/hadits/459
Jarir bin Abdillah,https://hadits.site/hadits/457
Al Bukhari,https://hadits.site/hadits/450
Al 'Ilal Al Kabir,https://hadits.site/hadits/449
Abu Hurairah,https://hadits.site/hadits/443
Al Bukhari,https://hadits.site/hadits/442
Aisyah,https://hadits.site/hadits/436
As Suyuthi,https://hadits.site/hadits/435
Al Jami' Ash Shaghir,https://hadits.site/hadits/433
Aisyah,https://hadits.site/hadits/431
Muhammad Nashiruddin Al Albani,https://hadits.site/hadits/429
Abdullah bin Umar,https://hadits.site/hadits/428
Al Bukhari,https://hadits.site/hadits/425
Shahih Al Bukhari,https://hadits.site/hadits/422
Abu Hurairah,https://hadits.site/hadits/415
Muhammad Nashiruddin Al Albani,https://hadits.site/hadits/414
Abu Hurairah,https://hadits.site/hadits/408
Muslim bin Hajjaj,https://hadits.site/hadits/407
Shahih Muslim,https://hadits.site/hadits/406
Salamah bin Al Akwa',https://hadits.site/hadits/404
Muslim bin Hajjaj,https://hadits.site/hadits/398
Aisyah,https://hadits.site/hadits/396
Al Bukhari,https://hadits.site/hadits/393
Shahih Al Bukhari,https://hadits.site/hadits/390
Abu Umamah Al Bahili,https://hadits.site/hadits/387
Muhammad Nashiruddin Al Albani,https://hadits.site/hadits/386
Abu Hurairah,https://hadits.site/hadits/383
An Nasa'i,https://hadits.site/hadits/382
Sunan An Nasa'i Al Kubra,https://hadits.site/hadits/381
Abu Hurairah,https://hadits.site/hadits/380
Muslim bin Hajjaj,https://hadits.site/hadits/373
Abu Bakrah Nafi bin Al Harits,https://hadits.site/hadits/372
Al Bukhari,https://hadits.site/hadits/371
Shahih Al Bukhari,https://hadits.site/hadits/369
Tsauban,https://hadits.site/hadits/368
Muhammad Nashiruddin Al Albani,https://hadits.site/hadits/367
Abu Sa'id Al Khudri,https://hadits.site/hadits/366
Muhammad Nashiruddin Al Albani,https://hadits.site/hadits/363
Shahih At Targhib wat Tarhib,https://hadits.site/hadits/362
Jabir bin Abdillah,https://hadits.site/hadits/359
Al Bukhari,https://hadits.site/hadits/358
Abu Umamah Al Bahili,https://hadits.site/hadits/356
Syu'aib Al Arnauth,https://hadits.site/hadits/354
Takhrij Musnad Ahmad,https://hadits.site/hadits/352
Abu Hurairah,https://hadits.site/hadits/351
Muhammad Nashiruddin Al Albani,https://hadits.site/hadits/347
Abdullah bin Abbas,https://hadits.site/hadits/342
Muslim bin Hajjaj,https://hadits.site/hadits/341
Shahih Muslim,https://hadits.site/hadits/340
Abdullah bin Abbas,https://hadits.site/hadits/339
Al Bukhari,https://hadits.site/hadits/338
Abu Hurairah,https://hadits.site/hadits/337
Muslim bin Hajjaj,https://hadits.site/hadits/336
Shahih Muslim,https://hadits.site/hadits/335
Abu Hurairah,https://hadits.site/hadits/334
Al Bukhari,https://hadits.site/hadits/333
Al Mughirah bin Syu'bah,https://hadits.site/hadits/324
Muhammad Nashiruddin Al Albani,https://hadits.site/hadits/322
Shahih Ibnu Majah,https://hadits.site/hadits/321
Abu Hurairah,https://hadits.site/hadits/320
Muslim bin Hajjaj,https://hadits.site/hadits/319
Aisyah,https://hadits.site/hadits/318
Al Bukhari,https://hadits.site/hadits/317
Shahih Al Bukhari,https://hadits.site/hadits/316
Aisyah,https://hadits.site/hadits/315
Al Bukhari,https://hadits.site/hadits/313
Abu Musa Al Asy'ari,https://hadits.site/hadits/312
Al Bukhari,https://hadits.site/hadits/311
Shahih Al Bukhari,https://hadits.site/hadits/310
Abdullah bin Abbas,https://hadits.site/hadits/288
Muqbil bin Hadi Al Wadi'i,https://hadits.site/hadits/286
Buraidah bin Al Hashib Al Aslami,https://hadits.site/hadits/282
Muqbil bin Hadi Al Wadi'i,https://hadits.site/hadits/281
Ash Shahihul Musnad,https://hadits.site/hadits/280
Buraidah bin Al Hashib Al Aslami,https://hadits.site/hadits/267
Muhammad Nashiruddin Al Albani,https://hadits.site/hadits/265
Anas bin Malik,https://hadits.site/hadits/264
Al Bukhari,https://hadits.site/hadits/263
Shahih Al Bukhari,https://hadits.site/hadits/262
Abu Bakrah Nafi bin Al Harits,https://hadits.site/hadits/261
Al Bukhari,https://hadits.site/hadits/260
Abdullah bin 'Amr bin Al Ash,https://hadits.site/hadits/259
Muhammad Nashiruddin Al Albani,https://hadits.site/hadits/257
Shahih Abu Daud,https://hadits.site/hadits/256
Al Barra' bin 'Adzib,https://hadits.site/hadits/252
Muhammad Nashiruddin Al Albani,https://hadits.site/hadits/251
Ummu Salamah Hindun,https://hadits.site/hadits/250
Al Bukhari,https://hadits.site/hadits/249
Shahih Al Bukhari,https://hadits.site/hadits/248
Abu Hurairah,https://hadits.site/hadits/247
Muslim bin Hajjaj,https://hadits.site/hadits/246
Amr bin Umayyah,https://hadits.site/hadits/245
Syu'aib Al Arnauth,https://hadits.site/hadits/242
Takhrij Musnad Ahmad,https://hadits.site/hadits/241
Abu Hurairah,https://hadits.site/hadits/240
Muslim bin Hajjaj,https://hadits.site/hadits/239
Anas bin Malik,https://hadits.site/hadits/238
Al Bukhari,https://hadits.site/hadits/237
Shahih Al Bukhari,https://hadits.site/hadits/228
Mu'adz bin Jabal,https://hadits.site/hadits/224
Muslim bin Hajjaj,https://hadits.site/hadits/220
Abu Hurairah,https://hadits.site/hadits/219
Al Bukhari,https://hadits.site/hadits/218
Shahih Al Bukhari,https://hadits.site/hadits/217
Abu Hurairah,https://hadits.site/hadits/216
Muslim bin Hajjaj,https://hadits.site/hadits/213
Abdullah bin Abbas,https://hadits.site/hadits/212
Muslim bin Hajjaj,https://hadits.site/hadits/211
Shahih Muslim,https://hadits.site/hadits/210
Abdurrahman bin 'Auf,https://hadits.site/hadits/209
Al Bukhari,https://hadits.site/hadits/208
Jabir bin Abdillah,https://hadits.site/hadits/207
Muslim bin Hajjaj,https://hadits.site/hadits/206
Shahih Muslim,https://hadits.site/hadits/205
Abu Hurairah,https://hadits.site/hadits/203
Muslim bin Hajjaj,https://hadits.site/hadits/199
Anas bin Malik,https://hadits.site/hadits/194
Muhammad Nashiruddin Al Albani,https://hadits.site/hadits/186
Shahih Ibnu Majah,https://hadits.site/hadits/183
Umar bin Khathab,https://hadits.site/hadits/182
Abu Isa At Tirmidzi,https://hadits.site/hadits/179
Hubsyi bin Junadah,https://hadits.site/hadits/178
Al Haitsami,https://hadits.site/hadits/171
Majma' Az Zawaid,https://hadits.site/hadits/170
Aisyah,https://hadits.site/hadits/168
Al Bukhari,https://hadits.site/hadits/167
Abdullah bin 'Amr bin Al Ash,https://hadits.site/hadits/160
Adz Dzahabi,https://hadits.site/hadits/159
Al Kaba'ir lidz Dzahabi,https://hadits.site/hadits/158
Abdullah bin 'Amr bin Al Ash,https://hadits.site/hadits/157
An Nawawi,https://hadits.site/hadits/155
Abdullah bin Abbas,https://hadits.site/hadits/154
Al Bukhari,https://hadits.site/hadits/153
Shahih Al Bukhari,https://hadits.site/hadits/152
Abdullah bin Abbas,https://hadits.site/hadits/151
Muslim bin Hajjaj,https://hadits.site/hadits/150
Abdullah bin Abbas,https://hadits.site/hadits/149
Ahmad Syakir,https://hadits.site/hadits/146
Takhrij Musnad Ahmad,https://hadits.site/hadits/145
Abdullah bin Abbas,https://hadits.site/hadits/135
Muhammad bin Idris Asy Syafi'i,https://hadits.site/hadits/134
Mu'adz bin Jabal,https://hadits.site/hadits/133
Abu Isa At Tirmidzi,https://hadits.site/hadits/132
Sunan At Tirmidzi,https://hadits.site/hadits/129
An Nawas bin Sam'an,https://hadits.site/hadits/128
Muslim bin Hajjaj,https://hadits.site/hadits/127
Abu Dzar Al Ghifari,https://hadits.site/hadits/126
Muslim bin Hajjaj,https://hadits.site/hadits/125
Shahih Muslim,https://hadits.site/hadits/124
Abu Dzar Al Ghifari,https://hadits.site/hadits/123
Muslim bin Hajjaj,https://hadits.site/hadits/122
Uqbah bin Amr,https://hadits.site/hadits/121
Al Bukhari,https://hadits.site/hadits/120
Shahih Al Bukhari,https://hadits.site/hadits/119
Uqbah bin Amr,https://hadits.site/hadits/118
Al Bukhari,https://hadits.site/hadits/113
Jariyah bin Qudamah,https://hadits.site/hadits/111
Syu'aib Al Arnauth,https://hadits.site/hadits/109
Takhrij Shahih Ibni Hibban,https://hadits.site/hadits/108
Abu Hurairah,https://hadits.site/hadits/107
Al Bukhari,https://hadits.site/hadits/106
Abu Hurairah,https://hadits.site/hadits/105
Muslim bin Hajjaj,https://hadits.site/hadits/104
Shahih Muslim,https://hadits.site/hadits/103
Abdullah bin Mas'ud,https://hadits.site/hadits/102
Muslim bin Hajjaj,https://hadits.site/hadits/101
Jabir bin Abdillah,https://hadits.site/hadits/100
Al Bukhari,https://hadits.site/hadits/99
Shahih Al Bukhari,https://hadits.site/hadits/98
Anas bin Malik,https://hadits.site/hadits/97
Al Bukhari,https://hadits.site/hadits/96
Anas bin Malik,https://hadits.site/hadits/95
Al Bukhari,https://hadits.site/hadits/90
Shahih Al Bukhari,https://hadits.site/hadits/89
Al Hasan bin Ali,https://hadits.site/hadits/88
Muhammad Nashiruddin Al Albani,https://hadits.site/hadits/87
Abu Hurairah,https://hadits.site/hadits/86
Al Bukhari,https://hadits.site/hadits/85
Shahih Al Bukhari,https://hadits.site/hadits/84
Abu Hurairah,https://hadits.site/hadits/83
Muslim bin Hajjaj,https://hadits.site/hadits/81
Abu Hurairah,https://hadits.site/hadits/79
Muslim bin Hajjaj,https://hadits.site/hadits/78
Shahih Muslim,https://hadits.site/hadits/77
Anas bin Malik,https://hadits.site/hadits/76
Al Bukhari,https://hadits.site/hadits/75
Abdullah bin Umar,https://hadits.site/hadits/74
Muslim bin Hajjaj,https://hadits.site/hadits/73
Shahih Muslim,https://hadits.site/hadits/72
Tamim Ad Dari,https://hadits.site/hadits/70
Muslim bin Hajjaj,https://hadits.site/hadits/69
Aisyah,https://hadits.site/hadits/68
Al Bukhari,https://hadits.site/hadits/67
Shahih Al Bukhari,https://hadits.site/hadits/66
Abdullah bin Mas'ud,https://hadits.site/hadits/65
Al Bukhari,https://hadits.site/hadits/64
An Nu'man bin Basyir,https://hadits.site/hadits/62
Muslim bin Hajjaj,https://hadits.site/hadits/61
Shahih Muslim,https://hadits.site/hadits/58
Ummu Salamah Hindun,https://hadits.site/hadits/57
Muslim bin Hajjaj,https://hadits.site/hadits/52
Abdullah bin Umar,https://hadits.site/hadits/51
Al Bukhari,https://hadits.site/hadits/43
Shahih Al Bukhari,https://hadits.site/hadits/42
Abu Sa'id Al Khudri,https://hadits.site/hadits/39
Muslim bin Hajjaj,https://hadits.site/hadits/37
Abu Hurairah,https://hadits.site/hadits/28
Al Bukhari,https://hadits.site/hadits/21
Shahih Al Bukhari,https://hadits.site/hadits/19
Umar bin Khathab,https://hadits.site/hadits/17
Muslim bin Hajjaj,https://hadits.site/hadits/16
Umar bin Khathab,https://hadits.site/hadits/15
Al Bukhari,https://hadits.site/hadits/14
Shahih Al Bukhari,https://hadits.site/hadits/13
Samurah bin Jundub,https://hadits.site/hadits/10
Abu Isa At Tirmidzi,https://hadits.site/hadits/7
Jabir bin Abdillah,https://hadits.site/hadits/6
Muhammad Nashiruddin Al Albani,https://hadits.site/hadits/4
Shahih At Tirmidzi,https://hadits.site/hadits/2
